<?xml version="1.0" encoding="UTF-8"?>
<!DOCTYPE mapper PUBLIC "-//mybatis.org//DTD Mapper 3.0//EN" "http://mybatis.org/dtd/mybatis-3-mapper.dtd">
<mapper namespace="zjc.manage.dao.LightMapper">
  <resultMap id="BaseResultMap" type="zjc.manage.domain.Light">
    <!--
      WARNING - @mbg.generated
      This element is automatically generated by MyBatis Generator, do not modify.
    -->
    <id column="LightID" jdbcType="INTEGER" property="lightid" />
    <result column="LightKindID" jdbcType="INTEGER" property="lightkindid" />
    <result column="LightName" jdbcType="VARCHAR" property="lightname" />
    <result column="LightPrice" jdbcType="VARCHAR" property="lightprice" />
  </resultMap>
  <sql id="Example_Where_Clause">
    <!--
      WARNING - @mbg.generated
      This element is automatically generated by MyBatis Generator, do not modify.
    -->
    <where>
      <foreach collection="oredCriteria" item="criteria" separator="or">
        <if test="criteria.valid">
          <trim prefix="(" prefixOverrides="and" suffix=")">
            <foreach collection="criteria.criteria" item="criterion">
              <choose>
                <when test="criterion.noValue">
                  and ${criterion.condition}
                </when>
                <when test="criterion.singleValue">
                  and ${criterion.condition} #{criterion.value}
                </when>
                <when test="criterion.betweenValue">
                  and ${criterion.condition} #{criterion.value} and #{criterion.secondValue}
                </when>
                <when test="criterion.listValue">
                  and ${criterion.condition}
                  <foreach close=")" collection="criterion.value" item="listItem" open="(" separator=",">
                    #{listItem}
                  </foreach>
                </when>
              </choose>
            </foreach>
          </trim>
        </if>
      </foreach>
    </where>
  </sql>
  <sql id="Update_By_Example_Where_Clause">
    <!--
      WARNING - @mbg.generated
      This element is automatically generated by MyBatis Generator, do not modify.
    -->
    <where>
      <foreach collection="example.oredCriteria" item="criteria" separator="or">
        <if test="criteria.valid">
          <trim prefix="(" prefixOverrides="and" suffix=")">
            <foreach collection="criteria.criteria" item="criterion">
              <choose>
                <when test="criterion.noValue">
                  and ${criterion.condition}
                </when>
                <when test="criterion.singleValue">
                  and ${criterion.condition} #{criterion.value}
                </when>
                <when test="criterion.betweenValue">
                  and ${criterion.condition} #{criterion.value} and #{criterion.secondValue}
                </when>
                <when test="criterion.listValue">
                  and ${criterion.condition}
                  <foreach close=")" collection="criterion.value" item="listItem" open="(" separator=",">
                    #{listItem}
                  </foreach>
                </when>
              </choose>
            </foreach>
          </trim>
        </if>
      </foreach>
    </where>
  </sql>
  <sql id="Base_Column_List">
    <!--
      WARNING - @mbg.generated
      This element is automatically generated by MyBatis Generator, do not modify.
    -->
    LightID, LightKindID, LightName, LightPrice
  </sql>
  <select id="selectByExample" parameterType="zjc.manage.domain.LightExample" resultMap="BaseResultMap">
    <!--
      WARNING - @mbg.generated
      This element is automatically generated by MyBatis Generator, do not modify.
    -->
    select
    <if test="distinct">
      distinct
    </if>
    <include refid="Base_Column_List" />
    from Light
    <if test="_parameter != null">
      <include refid="Example_Where_Clause" />
    </if>
    <if test="orderByClause != null">
      order by ${orderByClause}
    </if>
  </select>
  <select id="selectByExampleSelective" parameterType="map" resultMap="BaseResultMap">
    <!--
      WARNING - @mbg.generated
      This element is automatically generated by MyBatis Generator, do not modify.
    -->
    select
    <if test="example.distinct">
      distinct
    </if>
    <choose>
      <when test="selective != null and selective.length &gt; 0">
        <foreach collection="selective" item="column" separator=",">
          ${column.aliasedEscapedColumnName}
        </foreach>
      </when>
      <otherwise>
        <include refid="Base_Column_List" />
      </otherwise>
    </choose>
    from Light
    <if test="_parameter != null">
      <include refid="Update_By_Example_Where_Clause" />
    </if>
    <if test="example.orderByClause != null">
      order by ${example.orderByClause}
    </if>
  </select>
  <select id="selectByPrimaryKey" parameterType="java.lang.Integer" resultMap="BaseResultMap">
    <!--
      WARNING - @mbg.generated
      This element is automatically generated by MyBatis Generator, do not modify.
    -->
    select 
    <include refid="Base_Column_List" />
    from Light
    where LightID = #{lightid,jdbcType=INTEGER}
  </select>
  <select id="selectByPrimaryKeySelective" parameterType="map" resultMap="BaseResultMap">
    <!--
      WARNING - @mbg.generated
      This element is automatically generated by MyBatis Generator, do not modify.
    -->
    select
    <choose>
      <when test="selective != null and selective.length &gt; 0">
        <foreach collection="selective" item="column" separator=",">
          ${column.aliasedEscapedColumnName}
        </foreach>
      </when>
      <otherwise>
        <include refid="Base_Column_List" />
      </otherwise>
    </choose>
    from Light
    where LightID = #{lightid,jdbcType=INTEGER}
  </select>
  <delete id="deleteByPrimaryKey" parameterType="java.lang.Integer">
    <!--
      WARNING - @mbg.generated
      This element is automatically generated by MyBatis Generator, do not modify.
    -->
    delete from Light
    where LightID = #{lightid,jdbcType=INTEGER}
  </delete>
  <delete id="deleteByExample" parameterType="zjc.manage.domain.LightExample">
    <!--
      WARNING - @mbg.generated
      This element is automatically generated by MyBatis Generator, do not modify.
    -->
    delete from Light
    <if test="_parameter != null">
      <include refid="Example_Where_Clause" />
    </if>
  </delete>
  <insert id="insert" parameterType="zjc.manage.domain.Light">
    <!--
      WARNING - @mbg.generated
      This element is automatically generated by MyBatis Generator, do not modify.
    -->
    <selectKey keyProperty="lightid" order="AFTER" resultType="java.lang.Integer">
      SELECT LAST_INSERT_ID()
    </selectKey>
    insert into Light (LightKindID, LightName, LightPrice
      )
    values (#{lightkindid,jdbcType=INTEGER}, #{lightname,jdbcType=VARCHAR}, #{lightprice,jdbcType=VARCHAR}
      )
  </insert>
  <insert id="insertSelective" parameterType="zjc.manage.domain.Light">
    <!--
      WARNING - @mbg.generated
      This element is automatically generated by MyBatis Generator, do not modify.
    -->
    <selectKey keyProperty="lightid" order="AFTER" resultType="java.lang.Integer">
      SELECT LAST_INSERT_ID()
    </selectKey>
    insert into Light
    <trim prefix="(" suffix=")" suffixOverrides=",">
      <if test="lightkindid != null">
        LightKindID,
      </if>
      <if test="lightname != null">
        LightName,
      </if>
      <if test="lightprice != null">
        LightPrice,
      </if>
    </trim>
    <trim prefix="values (" suffix=")" suffixOverrides=",">
      <if test="lightkindid != null">
        #{lightkindid,jdbcType=INTEGER},
      </if>
      <if test="lightname != null">
        #{lightname,jdbcType=VARCHAR},
      </if>
      <if test="lightprice != null">
        #{lightprice,jdbcType=VARCHAR},
      </if>
    </trim>
  </insert>
  <select id="countByExample" parameterType="zjc.manage.domain.LightExample" resultType="java.lang.Long">
    <!--
      WARNING - @mbg.generated
      This element is automatically generated by MyBatis Generator, do not modify.
    -->
    select count(*) from Light
    <if test="_parameter != null">
      <include refid="Example_Where_Clause" />
    </if>
  </select>
  <update id="updateByExampleSelective" parameterType="map">
    <!--
      WARNING - @mbg.generated
      This element is automatically generated by MyBatis Generator, do not modify.
    -->
    update Light
    <set>
      <if test="record.lightid != null">
        LightID = #{record.lightid,jdbcType=INTEGER},
      </if>
      <if test="record.lightkindid != null">
        LightKindID = #{record.lightkindid,jdbcType=INTEGER},
      </if>
      <if test="record.lightname != null">
        LightName = #{record.lightname,jdbcType=VARCHAR},
      </if>
      <if test="record.lightprice != null">
        LightPrice = #{record.lightprice,jdbcType=VARCHAR},
      </if>
    </set>
    <if test="_parameter != null">
      <include refid="Update_By_Example_Where_Clause" />
    </if>
  </update>
  <update id="updateByExample" parameterType="map">
    <!--
      WARNING - @mbg.generated
      This element is automatically generated by MyBatis Generator, do not modify.
    -->
    update Light
    set LightID = #{record.lightid,jdbcType=INTEGER},
      LightKindID = #{record.lightkindid,jdbcType=INTEGER},
      LightName = #{record.lightname,jdbcType=VARCHAR},
      LightPrice = #{record.lightprice,jdbcType=VARCHAR}
    <if test="_parameter != null">
      <include refid="Update_By_Example_Where_Clause" />
    </if>
  </update>
  <update id="updateByPrimaryKeySelective" parameterType="zjc.manage.domain.Light">
    <!--
      WARNING - @mbg.generated
      This element is automatically generated by MyBatis Generator, do not modify.
    -->
    update Light
    <set>
      <if test="lightkindid != null">
        LightKindID = #{lightkindid,jdbcType=INTEGER},
      </if>
      <if test="lightname != null">
        LightName = #{lightname,jdbcType=VARCHAR},
      </if>
      <if test="lightprice != null">
        LightPrice = #{lightprice,jdbcType=VARCHAR},
      </if>
    </set>
    where LightID = #{lightid,jdbcType=INTEGER}
  </update>
  <update id="updateByPrimaryKey" parameterType="zjc.manage.domain.Light">
    <!--
      WARNING - @mbg.generated
      This element is automatically generated by MyBatis Generator, do not modify.
    -->
    update Light
    set LightKindID = #{lightkindid,jdbcType=INTEGER},
      LightName = #{lightname,jdbcType=VARCHAR},
      LightPrice = #{lightprice,jdbcType=VARCHAR}
    where LightID = #{lightid,jdbcType=INTEGER}
  </update>
  <select id="selectOneByExample" parameterType="zjc.manage.domain.LightExample" resultMap="BaseResultMap">
    <!--
      WARNING - @mbg.generated
      This element is automatically generated by MyBatis Generator, do not modify.
    -->
    select
    <include refid="Base_Column_List" />
    from Light
    <if test="_parameter != null">
      <include refid="Example_Where_Clause" />
    </if>
    <if test="orderByClause != null">
      order by ${orderByClause}
    </if>
    limit 1
  </select>
  <select id="selectOneByExampleSelective" parameterType="map" resultMap="BaseResultMap">
    <!--
      WARNING - @mbg.generated
      This element is automatically generated by MyBatis Generator, do not modify.
    -->
    select
    <choose>
      <when test="selective != null and selective.length &gt; 0">
        <foreach collection="selective" item="column" separator=",">
          ${column.aliasedEscapedColumnName}
        </foreach>
      </when>
      <otherwise>
        <include refid="Base_Column_List" />
      </otherwise>
    </choose>
    from Light
    <if test="_parameter != null">
      <include refid="Update_By_Example_Where_Clause" />
    </if>
    <if test="example.orderByClause != null">
      order by ${example.orderByClause}
    </if>
    limit 1
  </select>
</mapper>